scene,variant,seed,patch_area_pct,phi_deg,victim_conf,peer_patched_conf,peer_clean_conf,action_delta
bus.jpg,single-view,0,4.25,0,0.0,0.0,0.879,0.0
bus.jpg,single-view,0,4.25,3,0.0,0.0,0.877,0.1503
bus.jpg,single-view,0,4.25,6,0.0,0.0,0.861,0.3935
bus.jpg,single-view,0,4.25,9,0.0,0.0,0.892,0.472
bus.jpg,single-view,0,4.25,12,0.0,0.0,0.864,0.5834
bus.jpg,single-view,0,4.25,15,0.0,0.391,0.778,0.5885
bus.jpg,single-view,0,4.25,18,0.0,0.63,0.585,0.6314
bus.jpg,single-view,0,4.25,21,0.0,0.401,0.647,0.7782
bus.jpg,single-view,0,4.25,23,0.0,0.31,0.467,0.8801
bus.jpg,single-view,1,4.25,0,0.0,0.0,0.879,0.0
bus.jpg,single-view,1,4.25,3,0.0,0.0,0.877,0.1941
bus.jpg,single-view,1,4.25,6,0.0,0.0,0.861,0.8163
bus.jpg,single-view,1,4.25,9,0.0,0.256,0.892,0.4516
bus.jpg,single-view,1,4.25,12,0.0,0.411,0.864,0.4423
bus.jpg,single-view,1,4.25,15,0.0,0.376,0.778,0.554
bus.jpg,single-view,1,4.25,18,0.0,0.5,0.585,0.5677
bus.jpg,single-view,1,4.25,21,0.0,0.345,0.647,0.716
bus.jpg,single-view,1,4.25,23,0.0,0.359,0.467,0.7291
bus.jpg,single-view,2,4.25,0,0.0,0.0,0.879,0.0
bus.jpg,single-view,2,4.25,3,0.0,0.0,0.877,0.044
bus.jpg,single-view,2,4.25,6,0.0,0.0,0.861,0.0787
bus.jpg,single-view,2,4.25,9,0.0,0.0,0.892,0.6692
bus.jpg,single-view,2,4.25,12,0.0,0.0,0.864,0.1781
bus.jpg,single-view,2,4.25,15,0.0,0.359,0.778,0.586
bus.jpg,single-view,2,4.25,18,0.0,0.404,0.585,0.6315
bus.jpg,single-view,2,4.25,21,0.0,0.343,0.647,0.5098
bus.jpg,single-view,2,4.25,23,0.0,0.293,0.467,0.5331
bus.jpg,viewpoint-robust,0,4.25,0,0.0,0.0,0.879,0.0
bus.jpg,viewpoint-robust,0,4.25,3,0.0,0.0,0.877,0.4895
bus.jpg,viewpoint-robust,0,4.25,6,0.0,0.0,0.861,0.3303
bus.jpg,viewpoint-robust,0,4.25,9,0.0,0.0,0.892,0.8007
bus.jpg,viewpoint-robust,0,4.25,12,0.0,0.0,0.864,0.784
bus.jpg,viewpoint-robust,0,4.25,15,0.0,0.0,0.778,0.897
bus.jpg,viewpoint-robust,0,4.25,18,0.0,0.0,0.585,1.005
bus.jpg,viewpoint-robust,0,4.25,21,0.0,0.0,0.647,0.9804
bus.jpg,viewpoint-robust,0,4.25,23,0.0,0.0,0.467,1.0144
bus.jpg,viewpoint-robust,1,4.25,0,0.0,0.0,0.879,0.0
bus.jpg,viewpoint-robust,1,4.25,3,0.0,0.0,0.877,0.6979
bus.jpg,viewpoint-robust,1,4.25,6,0.0,0.0,0.861,0.4078
bus.jpg,viewpoint-robust,1,4.25,9,0.0,0.0,0.892,0.5379
bus.jpg,viewpoint-robust,1,4.25,12,0.0,0.0,0.864,0.4062
bus.jpg,viewpoint-robust,1,4.25,15,0.0,0.0,0.778,0.4194
bus.jpg,viewpoint-robust,1,4.25,18,0.0,0.0,0.585,0.3864
bus.jpg,viewpoint-robust,1,4.25,21,0.0,0.0,0.647,0.4926
bus.jpg,viewpoint-robust,1,4.25,23,0.0,0.0,0.467,0.4916
bus.jpg,viewpoint-robust,2,4.25,0,0.0,0.0,0.879,0.0
bus.jpg,viewpoint-robust,2,4.25,3,0.0,0.0,0.877,0.2064
bus.jpg,viewpoint-robust,2,4.25,6,0.0,0.0,0.861,0.2857
bus.jpg,viewpoint-robust,2,4.25,9,0.0,0.0,0.892,0.3393
bus.jpg,viewpoint-robust,2,4.25,12,0.0,0.0,0.864,0.7366
bus.jpg,viewpoint-robust,2,4.25,15,0.0,0.0,0.778,0.4386
bus.jpg,viewpoint-robust,2,4.25,18,0.0,0.0,0.585,0.6873
bus.jpg,viewpoint-robust,2,4.25,21,0.0,0.0,0.647,0.578
bus.jpg,viewpoint-robust,2,4.25,23,0.0,0.0,0.467,0.622
zidane.jpg,single-view,0,5.06,0,0.311,0.311,0.847,0.0
zidane.jpg,single-view,0,5.06,3,0.311,0.302,0.788,0.7795
zidane.jpg,single-view,0,5.06,6,0.311,0.321,0.772,0.2714
zidane.jpg,single-view,0,5.06,9,0.311,0.413,0.713,0.8153
zidane.jpg,single-view,0,5.06,12,0.311,0.55,0.622,0.8411
zidane.jpg,single-view,0,5.06,15,0.311,0.547,0.625,0.9465
zidane.jpg,single-view,0,5.06,18,0.311,0.71,0.681,0.9616
zidane.jpg,single-view,0,5.06,21,0.311,0.658,0.644,0.6108
zidane.jpg,single-view,0,5.06,23,0.311,0.581,0.547,0.4618
zidane.jpg,single-view,1,5.06,0,0.346,0.346,0.847,0.0
zidane.jpg,single-view,1,5.06,3,0.346,0.513,0.788,0.4283
zidane.jpg,single-view,1,5.06,6,0.346,0.319,0.772,0.3708
zidane.jpg,single-view,1,5.06,9,0.346,0.513,0.713,0.5079
zidane.jpg,single-view,1,5.06,12,0.346,0.58,0.622,0.463
zidane.jpg,single-view,1,5.06,15,0.346,0.565,0.625,0.4012
zidane.jpg,single-view,1,5.06,18,0.346,0.756,0.681,0.6792
zidane.jpg,single-view,1,5.06,21,0.346,0.763,0.644,0.7195
zidane.jpg,single-view,1,5.06,23,0.346,0.495,0.547,0.7492
zidane.jpg,single-view,2,5.06,0,0.387,0.387,0.847,0.0
zidane.jpg,single-view,2,5.06,3,0.387,0.433,0.788,0.6864
zidane.jpg,single-view,2,5.06,6,0.387,0.513,0.772,0.2744
zidane.jpg,single-view,2,5.06,9,0.387,0.518,0.713,0.3141
zidane.jpg,single-view,2,5.06,12,0.387,0.546,0.622,0.3777
zidane.jpg,single-view,2,5.06,15,0.387,0.661,0.625,0.6095
zidane.jpg,single-view,2,5.06,18,0.387,0.79,0.681,0.8515
zidane.jpg,single-view,2,5.06,21,0.387,0.707,0.644,0.6599
zidane.jpg,single-view,2,5.06,23,0.387,0.786,0.547,0.87
zidane.jpg,viewpoint-robust,0,5.06,0,0.43,0.43,0.847,0.0
zidane.jpg,viewpoint-robust,0,5.06,3,0.43,0.408,0.788,0.5406
zidane.jpg,viewpoint-robust,0,5.06,6,0.43,0.363,0.772,0.4609
zidane.jpg,viewpoint-robust,0,5.06,9,0.43,0.541,0.713,0.2907
zidane.jpg,viewpoint-robust,0,5.06,12,0.43,0.37,0.622,0.4783
zidane.jpg,viewpoint-robust,0,5.06,15,0.43,0.602,0.625,0.5108
zidane.jpg,viewpoint-robust,0,5.06,18,0.43,0.404,0.681,0.846
zidane.jpg,viewpoint-robust,0,5.06,21,0.43,0.292,0.644,1.194
zidane.jpg,viewpoint-robust,0,5.06,23,0.43,0.341,0.547,1.0184
zidane.jpg,viewpoint-robust,1,5.06,0,0.614,0.614,0.847,0.0
zidane.jpg,viewpoint-robust,1,5.06,3,0.614,0.308,0.788,0.589
zidane.jpg,viewpoint-robust,1,5.06,6,0.614,0.389,0.772,0.6069
zidane.jpg,viewpoint-robust,1,5.06,9,0.614,0.284,0.713,1.5102
zidane.jpg,viewpoint-robust,1,5.06,12,0.614,0.367,0.622,0.9056
zidane.jpg,viewpoint-robust,1,5.06,15,0.614,0.403,0.625,1.1251
zidane.jpg,viewpoint-robust,1,5.06,18,0.614,0.403,0.681,0.7643
zidane.jpg,viewpoint-robust,1,5.06,21,0.614,0.356,0.644,0.9247
zidane.jpg,viewpoint-robust,1,5.06,23,0.614,0.436,0.547,1.0825
zidane.jpg,viewpoint-robust,2,5.06,0,0.581,0.581,0.847,0.0
zidane.jpg,viewpoint-robust,2,5.06,3,0.581,0.491,0.788,0.7593
zidane.jpg,viewpoint-robust,2,5.06,6,0.581,0.728,0.772,0.7542
zidane.jpg,viewpoint-robust,2,5.06,9,0.581,0.538,0.713,0.5405
zidane.jpg,viewpoint-robust,2,5.06,12,0.581,0.43,0.622,0.42
zidane.jpg,viewpoint-robust,2,5.06,15,0.581,0.486,0.625,0.7812
zidane.jpg,viewpoint-robust,2,5.06,18,0.581,0.522,0.681,0.3508
zidane.jpg,viewpoint-robust,2,5.06,21,0.581,0.448,0.644,0.6007
zidane.jpg,viewpoint-robust,2,5.06,23,0.581,0.426,0.547,0.4244
